Person,Position,Project,Department,Task
Ryan Cho,CEO,Partnership with Amazon,Board,Meeting with Celine Fox, the regional manager of AWS for Canada
Alice Smith,CTO,AI Development Initiative,Engineering,Overseeing the development of the AI algorithm
John Doe,Project Manager,AI Development Initiative,Engineering,Coordinating the project timelines and deliverables
Jane Lee,HR Manager,Employee Wellness Program,Human Resources,Organizing wellness activities and events
Michael Brown,Software Engineer,AI Development Initiative,Engineering,Implementing new features for the AI system
Emma Davis,Marketing Lead,Market Expansion Plan,Marketing,Creating marketing strategies for new regions
Robert Wilson,Data Scientist,AI Development Initiative,Engineering,Analyzing data for the AI project
Sarah Johnson,Designer,Website Redesign,Design,Designing the new website layout
David Kim,Sales Manager,Partnership with Amazon,Sales,Negotiating partnership terms with Amazon
Linda Green,Customer Support Lead,Customer Satisfaction Improvement,Customer Support,Handling escalated customer issues
